Div.,Tool_Description,Tag_ID,Model_Part_No,Serial_No,Range,Tolerence Limit,In_Use,Calibration_Interval_Years,Last_Calibration_Date,Next_Calibration_Date,Months_Remaining,Cal_type,Calibration_Report_No,P.I.C.,Overdue_Flag,Last_Calibration_Days,Next_Calibration_Days,Days_Since_Last_Calibration,Days_Until_Next_Calibration,Brand_ACEZ,Brand_AIKOH,Brand_AW-LAKE,Brand_Azono,Brand_CAPRI,Brand_DC/LT-DE,Brand_Dunkes,Brand_ECE,Brand_ELORA,Brand_FLUKE,Brand_Force,Brand_HOLEX,Brand_HYDROTECHNIK,Brand_Hengliang,Brand_Hydrotechnik,Brand_IMADA,Brand_KANON,Brand_KARL,Brand_MAHR,Brand_MITUTOYO,Brand_OPUS,Brand_PREMIUM,Brand_Preisser ,Brand_REXROTH,Brand_SHIMPO,Brand_STAHLWILLE,Brand_Sanliang,Brand_TESA,Brand_TOHNICHI,Brand_WIKA,"Calibrator_DCSG Internal Calibration
(Refer DCPD 50310-010)",Calibrator_HYDROTECHNIK,Calibrator_Key Solutions,Calibrator_Opus Precision,Calibrator_OrchidCal,Calibration_Overdue,Anomaly_Score_AE,Risk_Score
FA,Blade Micrometer,,691-101A,264988,0-25mm,4,1,1.0,2024-10-12 00:00:00.000000000,2026-10-12,0.9176136363636362,Lab,DL-24-1200,RK,False,969,969,0.091846298031865,0.9176136363636364,False,False,False,False,False,False,False,False,False,False,False,False,False,True,False,False,False,False,False,False,False,False,False,False,False,False,False,False,False,False,False,False,False,False,True,False,0.0,6.145442830365513
FA,Blade Micrometer,,691-102A,267754,25-50mm,4,1,1.0,2024-12-06 00:00:00.000000000,2026-12-06,0.9696969696969696,Lab,CTD 2964M-24,RK,False,1024,1024,0.0402999062792877,0.9696969696969696,False,False,False,False,False,False,False,False,False,False,False,False,False,True,False,False,False,False,False,False,False,False,False,False,False,False,False,False,False,False,False,False,True,False,False,False,0.0,2.52108716026242
FA,Dial Comparator,NIL,865 SE,81052170,0 - 0.1mm,4,1,1.0,2023-08-01 00:00:00.000000000,2025-08-01,0.5037878787878787,Lab,DL-23-1109,RK,False,531,532,0.5023430178069354,0.5037878787878788,False,False,False,False,False,False,False,False,False,False,False,False,False,False,False,False,False,False,True,False,False,False,False,False,False,False,False,False,False,False,False,False,False,False,True,False,0.0,34.98008434864106
FA,Dial Push Pull Gauge,NIL,ANF-500N,126881,0 - 50kgf,4,1,1.0,2024-12-06 00:00:00.000000000,2026-12-06,0.9696969696969696,Lab,CTP 1857M-24,RK,False,1024,1024,0.0402999062792877,0.9696969696969696,False,True,False,False,False,False,False,False,False,False,False,False,False,False,False,False,False,False,False,False,False,False,False,False,False,False,False,False,False,False,False,False,True,False,False,False,0.0,2.52108716026242
FA,Dial Test Indicators,,MarTest 800 SGM,22050743,+/-0.1mm,4,1,1.0,2025-01-07 00:00:00.000000000,2027-01-07,1.0,Lab,CTD 1023M-25,RK,False,1056,1056,0.0103092783505154,1.0,False,False,False,False,False,False,False,False,False,False,False,False,False,False,False,False,False,False,True,False,False,False,False,False,False,False,False,False,False,False,False,False,True,False,False,False,0.0,0.412371134020616
FA,Dial Test Indicator,NIL,MarTest 800 SGM,91030861,0 - 0.2mm,4,1,1.0,2023-08-01 00:00:00.000000000,2025-05-01,0.4166666666666666,Lab,DL-23-1110,RK,False,531,440,0.5023430178069354,0.4166666666666667,False,False,False,False,False,False,False,False,False,False,False,False,False,False,False,False,False,False,True,False,False,False,False,False,False,False,False,False,False,False,False,False,False,False,True,False,0.0,37.593720712277424
FA,Dial Test Indicator,NIL,2046F,DAS567,0 - 10mm,4,1,1.0,2023-07-04 00:00:00.000000000,2025-07-04,0.4772727272727272,Lab,MPD 2480M-23,RK,False,503,504,0.528584817244611,0.4772727272727273,False,False,False,False,False,False,False,False,False,False,False,False,False,False,False,False,False,False,False,True,False,False,False,False,False,False,False,False,False,False,False,False,True,False,False,False,0.0,36.82521087160263
FA,Dial Test Indicator,NIL,513-404,FGS562,0 - 0.8mm,4,1,1.0,2024-12-06 00:00:00.000000000,2026-12-06,0.9696969696969696,Lab,CTD 2962M-24,RK,False,1024,1024,0.0402999062792877,0.9696969696969696,False,False,False,False,False,False,False,False,False,False,False,False,False,False,False,False,False,False,False,True,False,False,False,False,False,False,False,False,False,False,False,False,True,False,False,False,0.0,2.52108716026242
FA,Dial Test Indicator,NIL,513-405,FRV538,0 - 0.2mm,4,1,1.0,2023-07-04 00:00:00.000000000,2025-07-04,0.4772727272727272,Lab,MPD 2481M-23,RK,False,503,504,0.528584817244611,0.4772727272727273,False,False,False,False,False,False,False,False,False,False,False,False,False,False,False,False,False,False,False,True,False,False,False,False,False,False,False,False,False,False,False,False,True,False,False,False,0.0,36.82521087160263
FA,Dial Test Indicator,NIL,513-404,YMT956,0 - 0.8mm,4,1,1.0,2023-07-04 00:00:00.000000000,2025-07-04,0.4772727272727272,Lab,MPD 2482M-23,RK,False,503,504,0.528584817244611,0.4772727272727273,False,False,False,False,False,False,False,False,False,False,False,False,False,False,False,False,False,False,False,True,False,False,False,False,False,False,False,False,False,False,False,False,True,False,False,False,0.0,36.82521087160263
FA,Digimatic Offset Centerline Caliper (Digimatic Caliper),,119-331,2050302,0-200mm,6,1,1.0,2025-01-07 00:00:00.000000000,2027-01-07,1.0,Lab,CTD 1022M-25,RK,False,1056,1056,0.0103092783505154,1.0,False,False,False,False,False,False,False,False,False,False,False,False,False,False,False,False,False,False,False,False,False,False,False,False,False,False,True,False,False,False,False,False,True,False,False,False,0.0,0.412371134020616
FA,Digimatic Caliper,,"CD-8"" ASX",A22218329,0-200mm,6,1,1.0,2024-12-06 00:00:00.000000000,2026-12-06,0.9696969696969696,Lab,CTD 2960M-24,RK,False,1024,1024,0.0402999062792877,0.9696969696969696,False,False,False,False,False,False,False,False,False,False,False,False,False,False,False,False,False,False,False,True,False,False,False,False,False,False,False,False,False,False,False,False,True,False,False,False,0.0,2.52108716026242
FA,Digital Vernier Caliper,Nil,41 2821 150,H1493446,0-150mm,5,1,1.0,2024-12-06 00:00:00.000000000,2026-12-06,0.9696969696969696,Lab,CTD 2959M-24,RK,False,1024,1024,0.0402999062792877,0.9696969696969696,False,False,False,False,False,False,False,False,False,False,False,True,False,False,False,False,False,False,False,False,False,False,False,False,False,False,False,False,False,False,False,False,True,False,False,False,0.0,2.52108716026242
FA,Digimatic Caliper,,CD-P15S  (500-702-20),B23383021,0.01-150MM,6,1,1.0,2024-05-28 00:00:00.000000000,2026-05-28,0.7878787878787878,Lab,DL-24-1110,RK,False,832,832,0.2202436738519212,0.7878787878787878,False,False,False,False,False,False,False,False,False,False,False,False,False,False,False,False,False,False,False,True,False,False,False,False,False,False,False,False,False,False,False,False,False,False,True,False,0.0,15.173383317713213
FA,Digimatic Depth Gauge,,550-103-1,9072877,0-300mm,4,1,1.0,2024-12-06 00:00:00.000000000,2026-12-06,0.9696969696969696,Lab,CTD 2961M-24,RK,False,1024,1024,0.0402999062792877,0.9696969696969696,False,False,False,False,False,False,False,False,False,False,False,False,False,True,False,False,False,False,False,False,False,False,False,False,False,False,False,False,False,False,False,False,True,False,False,False,0.0,2.52108716026242
FA,Digimatic Offset Centerline Caliper,NIL,NTD10P-15PMX,0002868,10-160MM/0.01MM,6,1,1.0,2023-05-06 00:00:00.000000000,2025-05-06,0.4214015151515151,Lab,DL-23-1084,RK,False,444,445,0.583880037488285,0.4214015151515151,False,False,False,False,False,False,False,False,False,False,False,False,False,False,False,False,False,False,False,True,False,False,False,False,False,False,False,False,False,False,False,False,False,False,True,False,0.0,40.71315604498594
FA,Digimatic Offset Centerline Caliper,NIL,"NTD10P-6""PMX, (573-705)",0000136,"0.4-6""/10-160MM",6,1,1.0,2024-05-28 00:00:00.000000000,2026-05-28,0.7878787878787878,Lab,DL-24-1111,RK,False,832,832,0.2202436738519212,0.7878787878787878,False,False,False,False,False,False,False,False,False,False,False,False,False,False,False,False,False,False,False,True,False,False,False,False,False,False,False,False,False,False,False,False,False,False,True,False,0.0,15.173383317713213
FA,Digital Caliper,Nil,500-704-20,0022858,0-300mm,6,1,1.0,2023-08-01 00:00:00.000000000,2025-08-01,0.5037878787878787,Lab,DL-23-1106,RK,False,531,532,0.5023430178069354,0.5037878787878788,False,False,False,False,False,False,False,False,False,False,False,False,False,False,False,False,False,False,False,True,False,False,False,False,False,False,False,False,False,False,False,False,False,False,True,False,0.0,34.98008434864106
FA,Digital Caliper,NIL,500-173,1022090,0 - 300mm,6,1,1.0,2023-03-13 00:00:00.000000000,2025-03-13,0.3702651515151515,Lab,DL-23-1063,RK,False,390,391,0.6344892221180881,0.3702651515151515,False,False,False,False,False,False,False,False,False,False,False,False,False,False,False,False,False,False,False,True,False,False,False,False,False,False,False,False,False,False,False,False,False,False,True,False,0.0,44.271614339268986
FA,Digital Caliper,NIL,505-673,7502979,0 - 300mm,6,1,1.0,2023-03-13 00:00:00.000000000,2025-03-13,0.3702651515151515,Lab,DL-23-1062,RK,False,390,391,0.6344892221180881,0.3702651515151515,False,False,False,False,False,False,False,False,False,False,False,False,False,False,False,False,False,False,False,True,False,False,False,False,False,False,False,False,False,False,False,False,False,False,True,False,0.0,44.271614339268986
FA,Digital Caliper,,IP67,IG028811,0-300mm,6,1,1.0,2024-05-28 00:00:00.000000000,2026-05-28,0.7878787878787878,Lab,DL-24-1109,RK,False,832,832,0.2202436738519212,0.7878787878787878,False,False,False,False,False,False,False,False,False,False,False,False,False,False,False,False,False,False,False,False,False,False,False,False,False,False,False,True,False,False,False,False,False,False,True,False,0.0,15.173383317713213
FA,Digital Force Gauge,100557,DST-5N,462487,0 - 5N,4,1,1.0,2023-08-01 00:00:00.000000000,2025-08-01,0.5037878787878787,Lab,OR-23-1576,RK,False,531,532,0.5023430178069354,0.5037878787878788,False,False,False,False,False,False,False,False,False,False,False,False,False,False,False,True,False,False,False,False,False,False,False,False,False,False,False,False,False,False,False,False,False,False,True,False,0.0,34.98008434864106
FA,Digital Micrometer c/w Setting Rod,NIL,293-762-30,1278637/1056687,"1 - 2""",4,1,1.0,2023-07-04 00:00:00.000000000,2025-07-04,0.4772727272727272,Lab,MPD 2479M-23,RK,False,503,504,0.528584817244611,0.4772727272727273,False,False,False,False,False,False,False,False,False,False,False,False,False,False,False,False,False,False,False,True,False,False,False,False,False,False,False,False,False,False,False,False,True,False,False,False,0.0,36.82521087160263
FA,Micrometer External c/w Setting Rod,NIL,-,1285541 / 1080438,25 - 50mm,4,1,1.0,2024-01-12 00:00:00.000000000,2026-01-12,0.6590909090909091,Lab,MPD 1038M-24,RK,False,695,696,0.3486410496719775,0.6590909090909092,False,False,False,False,False,False,False,False,False,False,False,False,False,False,False,False,False,False,False,True,False,False,False,False,False,False,False,False,False,False,False,False,True,False,False,False,0.0,24.172914714151826
FA,Micrometer Digital,NIL,103-137,2002591,0 - 25mm,4,1,1.0,2023-07-04 00:00:00.000000000,2025-07-04,0.4772727272727272,Lab,MPD 2476M-23,RK,False,503,504,0.528584817244611,0.4772727272727273,False,False,False,False,False,False,False,False,False,False,False,False,False,False,False,False,False,False,False,True,False,False,False,False,False,False,False,False,False,False,False,False,True,False,False,False,0.0,36.82521087160263
FA,Digital Micrometer,NIL,293-761-30,2130910,0 - 25.4mm,4,1,1.0,2023-07-04 00:00:00.000000000,2025-07-04,0.4772727272727272,Lab,MPD 2478M-23,RK,False,503,504,0.528584817244611,0.4772727272727273,False,False,False,False,False,False,False,False,False,False,False,False,False,False,False,False,False,False,False,True,False,False,False,False,False,False,False,False,False,False,False,False,True,False,False,False,0.0,36.82521087160263
FA,Digital Micrometer,NIL,293-340,85020808,0 - 25.4mm,4,1,1.0,2023-07-04 00:00:00.000000000,2025-07-04,0.4772727272727272,Lab,MPD 2477M-23,RK,False,503,504,0.528584817244611,0.4772727272727273,False,False,False,False,False,False,False,False,False,False,False,False,False,False,False,False,False,False,False,True,False,False,False,False,False,False,False,False,False,False,False,False,True,False,False,False,0.0,36.82521087160263
FA,Granite Surface Plate,NIL,517-313,0103001,1500mmx1000mm,4,1,1.0,2023-03-30 00:00:00.000000000,2025-03-30,0.3863636363636363,Lab,TP-23-1038,RK,False,407,408,0.6185567010309279,0.3863636363636363,False,False,False,False,False,False,False,False,False,False,False,False,False,False,False,False,False,False,False,False,True,False,False,False,False,False,False,False,False,False,False,False,False,True,False,False,0.0,43.151358950328024
FA,Granite Surface Plate,NIL,,1305306,630mmx400mm,4,1,1.0,2023-06-28 00:00:00.000000000,2025-07-28,0.5,Lab,MDF230306-1,RK,False,497,528,0.5342080599812559,0.5,False,False,False,False,False,False,False,False,False,False,False,False,False,False,False,False,False,False,False,False,True,False,False,False,False,False,False,False,False,False,False,False,True,False,False,False,0.0,36.36832239925024
FA,Granite Surface Plate,-,-,T1818618,1500mmx300mm,4,1,1.0,2023-03-30 00:00:00.000000000,2025-03-30,0.3863636363636363,Lab,TP-23-1039,RK,False,407,408,0.6185567010309279,0.3863636363636363,False,False,False,False,False,False,False,False,False,False,False,False,False,False,False,False,False,False,False,False,False,True,False,False,False,False,False,False,False,False,False,False,False,True,False,False,0.0,43.151358950328024
FA,Mahr Dial comparator (Micro Indicator),,Millimess 1003,22050844,+/-50umm,4,1,1.0,2024-12-06 00:00:00.000000000,2026-12-06,0.9696969696969696,Lab,CTD 2965M-24,RK,False,1024,1024,0.0402999062792877,0.9696969696969696,False,False,False,False,False,False,False,False,False,False,False,False,False,False,False,False,False,False,True,False,False,False,False,False,False,False,False,False,False,False,False,False,True,False,False,False,0.0,2.52108716026242
FA,Mahr Dial comparator (Micro Indicator),,Millimess 1003,22050857,+/-50umm,4,1,1.0,2024-10-12 00:00:00.000000000,2026-10-12,0.9176136363636362,Lab,DL-24-1202,RK,False,969,969,0.091846298031865,0.9176136363636364,False,False,False,False,False,False,False,False,False,False,False,False,False,False,False,False,False,False,True,False,False,False,False,False,False,False,False,False,False,False,False,False,False,False,True,False,0.0,6.145442830365513
FA,Inner groove width digital caliper,,365-101,2208230055,0-150mm,6,1,1.0,2024-12-06 00:00:00.000000000,2026-12-06,0.9696969696969696,Lab,CTD 2963M-24,RK,False,1024,1024,0.0402999062792877,0.9696969696969696,False,False,False,False,False,False,False,False,False,False,False,False,False,True,False,False,False,False,False,False,False,False,False,False,False,False,False,False,False,False,False,False,True,False,False,False,0.0,2.52108716026242
FA,Mahr Dial comparator (Micro Indicator),,Millimess 1003,91070519,+/-50umm,4,1,1.0,2025-01-07 00:00:00.000000000,2027-01-07,1.0,Lab,CTD 1025M-25,RK,False,1056,1056,0.0103092783505154,1.0,False,False,False,False,False,False,False,False,False,False,False,False,False,False,False,False,False,False,True,False,False,False,False,False,False,False,False,False,False,False,False,False,True,False,False,False,0.0,0.412371134020616
FA,Mahr Dial comparator (Micro Indicator),,Millimess 1003,91070630,+/-50umm,4,1,1.0,2025-01-07 00:00:00.000000000,2027-01-07,1.0,Lab,CTD 1024M-25,RK,False,1056,1056,0.0103092783505154,1.0,False,False,False,False,False,False,False,False,False,False,False,False,False,False,False,False,False,False,True,False,False,False,False,False,False,False,False,False,False,False,False,False,True,False,False,False,0.0,0.412371134020616
FA,Precision Square,NIL,0388204,020874008,100X70MM,8,1,1.0,2023-08-01 00:00:00.000000000,2025-08-01,0.5037878787878787,Lab,DL-23-1107,RK,False,531,532,0.5023430178069354,0.5037878787878788,False,False,False,False,False,False,False,False,False,False,False,False,False,False,False,False,False,False,False,False,False,False,True,False,False,False,False,False,False,False,False,False,False,False,True,False,0.0,34.98008434864106
FA,Precision Square,NIL,Earth-Chain ETW-304,-,100X70MM,8,1,1.0,2023-08-01 00:00:00.000000000,2025-05-01,0.4166666666666666,Lab,DL-23-1108,RK,False,531,440,0.5023430178069354,0.4166666666666667,False,False,False,False,False,False,False,True,False,False,False,False,False,False,False,False,False,False,False,False,False,False,False,False,False,False,False,False,False,False,False,False,False,False,True,False,0.0,37.593720712277424
FA,Fluke Multimeter ,,789,59690035,-,1,1,1.0,2023-04-20 00:00:00.000000000,2025-04-20,0.4062499999999999,Lab,EL-23-1053,RK,False,428,429,0.598875351452671,0.40625,False,False,False,False,False,False,False,False,False,True,False,False,False,False,False,False,False,False,False,False,False,False,False,False,False,False,False,False,False,False,False,False,False,False,True,False,0.0,41.76751405810685
FA,Torque Wrench,NIL,QL50N,034108B,10-50 Nm,0,1,1.0,2024-10-12 00:00:00.000000000,2026-10-12,0.9176136363636362,Lab,OR-24-2064,RK,False,969,969,0.091846298031865,0.9176136363636364,False,False,False,False,False,False,False,False,False,False,False,False,False,False,False,False,False,False,False,False,False,False,False,False,False,False,False,False,True,False,False,False,False,False,True,False,0.0,6.145442830365513
FA,Torque Wrench,NIL,QL12N4,061411Y,2 - 12 Nm,0,1,1.0,2023-07-05 00:00:00.000000000,2025-07-05,0.4782196969696969,Lab,MPM 1989M-23,RK,False,504,505,0.5276476101218369,0.478219696969697,False,False,False,False,False,False,False,False,False,False,False,False,False,False,False,False,False,False,False,False,False,False,False,False,False,False,False,False,True,False,False,False,True,False,False,False,0.0,36.75931349578257
FA,Torque Wrench,NIL,QL50N,070483Y,10-50 Nm,0,1,1.0,2024-12-10 00:00:00.000000000,2026-12-10,0.9734848484848484,Lab,CTP 1865M-24,RK,False,1028,1028,0.0365510777881911,0.9734848484848484,False,False,False,False,False,False,False,False,False,False,False,False,False,False,False,False,False,False,False,False,False,False,False,False,False,False,False,False,True,False,False,False,True,False,False,False,0.0,2.257497656982192
FA,Torque Wrench,NIL,700TMK,0106057,100-700kgf.cm,0,1,1.0,2023-07-05 00:00:00.000000000,2025-07-05,0.4782196969696969,Lab,MPM 1990M-23,RK,False,504,505,0.5276476101218369,0.478219696969697,False,False,False,False,False,False,False,False,False,False,False,False,False,False,False,False,True,False,False,False,False,False,False,False,False,False,False,False,False,False,False,False,True,False,False,False,0.0,36.75931349578257
FA,Torque Wrench,NIL,Manoskop Nr.730/10,101149046,20-100 Nm,0,1,1.0,2025-01-07 00:00:00.000000000,2027-01-07,1.0,Lab,CTP 1015M-25,RK,False,1056,1056,0.0103092783505154,1.0,False,False,False,False,False,False,False,False,False,False,False,False,False,False,False,False,False,False,False,False,False,False,False,False,False,True,False,False,False,False,False,False,True,False,False,False,0.0,0.412371134020616
FA,Torque Wrench,NIL,Serie Manoskop 730N,121042729,20-100 Nm,0,1,1.0,2024-12-10 00:00:00.000000000,2026-12-10,0.9734848484848484,Lab,CTP 1866M-24,RK,False,1028,1028,0.0365510777881911,0.9734848484848484,False,False,False,False,False,False,False,False,False,False,False,False,False,False,False,False,False,False,False,False,False,False,False,False,False,True,False,False,False,False,False,False,True,False,False,False,0.0,2.257497656982192
FA,True RMS Clamp Meter (Fluke Multimeter),,FLUKE 325,59330011WS,-,2,1,1.0,2025-01-07 00:00:00.000000000,2027-01-07,1.0,Lab,KS-E1366,RK,False,1056,1056,0.0103092783505154,1.0,False,False,False,False,False,False,False,False,False,True,False,False,False,False,False,False,False,False,False,False,False,False,False,False,False,False,False,False,False,False,False,False,True,False,False,False,0.0,0.412371134020616
FA,Torque Bench Machine  ,"100553
(ICC BASA L2)",Torque Test For ICC,2022.22569,-,3,1,1.0,2024-10-07 00:00:00.000000000,2026-10-07,0.9128787878787878,Internal Calibration,As per attached,RK,False,964,964,0.0965323336457357,0.912878787878788,False,False,False,False,False,True,False,False,False,False,False,False,False,False,False,False,False,False,False,False,False,False,False,False,False,False,False,False,False,False,True,False,False,False,False,False,0.0,6.474929709465793
HY,Dial Indicator / Gauge,,2046F,467E13,0-10 mm,4,1,1.0,2024-11-21 00:00:00.000000000,2026-11-21,0.955492424242424,Lab,CTD 2861M-24,JS,False,1009,1009,0.0543580131208997,0.9554924242424244,False,False,False,False,False,False,False,False,False,False,False,False,False,False,False,False,False,False,False,True,False,False,False,False,False,False,False,False,False,False,False,False,True,False,False,False,0.0,3.5095477975632687
HY,Clamp meter,BR_01,Fluke 337,8311089,multi range,4,1,1.0,2024-10-12 00:00:00.000000000,2026-10-12,0.9176136363636362,Lab,EL-24-1275,JS,False,969,969,0.091846298031865,0.9176136363636364,False,False,False,False,False,False,False,False,False,True,False,False,False,False,False,False,False,False,False,False,False,False,False,False,False,False,False,False,False,False,False,False,False,False,True,False,0.0,6.145442830365513
HY,Clamp meter,BR_06.1,Fluke 324,37980571WS,-,4,1,1.0,2023-03-13 00:00:00.000000000,2025-03-13,0.3702651515151515,Lab,EL-23-1044,JS,False,390,391,0.6344892221180881,0.3702651515151515,False,False,False,False,False,False,False,False,False,True,False,False,False,False,False,False,False,False,False,False,False,False,False,False,False,False,False,False,False,False,False,False,False,False,True,False,0.0,44.271614339268986
HY,(HT Package #1) Data Logger,MS_04,MS5060 3160-A0-79,2600,Unknown,4,1,1.0,2023-05-08 00:00:00.000000000,2025-05-08,0.4232954545454545,Lab,EL-23-1064,JS,False,446,447,0.5820056232427366,0.4232954545454546,False,False,False,False,False,False,False,False,False,False,False,False,True,False,False,False,False,False,False,False,False,False,False,False,False,False,False,False,False,False,False,False,False,False,True,False,0.0,40.58136129334583
HY,(HT Package #1) Flowmeter + Sensor,FM_04,RE4-600 31V7-72-S-35.030,24359 / 21146,600 l/min,4,1,1.0,2023-05-06 00:00:00.000000000,2025-05-06,0.4214015151515151,Lab,OR-23-1382,JS,False,444,445,0.583880037488285,0.4214015151515151,False,False,False,False,False,False,False,False,False,False,False,False,True,False,False,False,False,False,False,False,False,False,False,False,False,False,False,False,False,False,False,False,False,False,True,False,0.0,40.71315604498594
HY,(HT Package #1) Pressure Transducer,PR100,3403-18-S-E5.37,Z220004141,0-600 bar,4,1,1.0,2023-05-08 00:00:00.000000000,2025-05-08,0.4232954545454545,Lab,ML-23-1193,JS,False,446,447,0.5820056232427366,0.4232954545454546,False,False,False,False,False,False,False,False,False,False,False,False,True,False,False,False,False,False,False,False,False,False,False,False,False,False,False,False,False,False,False,False,False,False,True,False,0.0,40.58136129334583
HY,(HT Package #1) Temperature Probe ,RR_06,3973-04-S-01.00S ,13855,minus 50 to 200°C,4,1,1.0,2023-05-08 00:00:00.000000000,2025-05-08,0.4232954545454545,Lab,TL-23-1048,JS,False,446,447,0.5820056232427366,0.4232954545454546,False,False,False,False,False,False,False,False,False,False,False,False,True,False,False,False,False,False,False,False,False,False,False,False,False,False,False,False,False,False,False,False,False,False,True,False,0.0,40.58136129334583
HY,(HT Package #2) Data Logger,MS_02,MS5060 3160-A2-70.00,1593,Unknown,4,1,1.0,2024-04-11 00:00:00.000000000,2026-04-11,0.743371212121212,Lab,EL-24-1048,JS,False,785,785,0.2642924086223055,0.7433712121212122,False,False,False,False,False,False,False,False,False,False,False,False,True,False,False,False,False,False,False,False,False,False,False,False,False,False,False,False,False,False,False,False,False,False,True,False,0.0,18.27055998125586
HY,(HT Package #2) Flowmeter + Sensor,FM_05,RE4-300 31V7-71-S-35.030,23940 / 12733,9 to 300 l/ min,4,1,1.0,2024-04-13 00:00:00.000000000,2026-04-13,0.7452651515151514,Lab,OR-24-1331,JS,False,787,787,0.2624179943767573,0.7452651515151516,False,False,False,False,False,False,False,False,False,False,False,False,True,False,False,False,False,False,False,False,False,False,False,False,False,False,False,False,False,False,False,False,False,False,True,False,0.0,18.13876522961575
HY,(HT Package #2) Pressure Transducer,PT_10,PR300-3403-18-S-71.33A,7614,0-600 bar,4,1,1.0,2024-04-11 00:00:00.000000000,2026-04-11,0.743371212121212,Lab,TL-24-1137,JS,False,785,785,0.2642924086223055,0.7433712121212122,False,False,False,False,False,False,False,False,False,False,False,False,True,False,False,False,False,False,False,False,False,False,False,False,False,False,False,False,False,False,False,False,False,False,True,False,0.0,18.27055998125586
HY,(HT Package #2) Temperature Probe,RR_07,TE110,13476,minus 50 to 200°C,4,1,1.0,2024-04-11 00:00:00.000000000,2026-04-11,0.743371212121212,Lab,TL-24-1035,JS,False,785,785,0.2642924086223055,0.7433712121212122,False,False,False,False,False,False,False,False,False,False,False,False,True,False,False,False,False,False,False,False,False,False,False,False,False,False,False,False,False,False,False,False,False,False,True,False,0.0,18.27055998125586
HY,(HT Package #3) Data Logger ,MS_03,MS5060Plus 3160-A0-79.00,2683,Unknown,4,1,1.0,2024-04-11 00:00:00.000000000,2026-04-11,0.743371212121212,Lab,EL-24-1049,JS,False,785,785,0.2642924086223055,0.7433712121212122,False,False,False,False,False,False,False,False,False,False,False,False,True,False,False,False,False,False,False,False,False,False,False,False,False,False,False,False,False,False,False,False,False,False,True,False,0.0,18.27055998125586
HY,(HT Package #3) Flowmeter + Sensor,FM_06,HySense QT 100 ISDS,30387 / 44365,300 l/ min,4,1,1.0,2024-04-13 00:00:00.000000000,2026-04-13,0.7452651515151514,Lab,OR-24-1332,JS,False,787,787,0.2624179943767573,0.7452651515151516,False,False,False,False,False,False,False,False,False,False,False,False,True,False,False,False,False,False,False,False,False,False,False,False,False,False,False,False,False,False,False,False,False,False,True,False,0.0,18.13876522961575
HY,(HT Package #3) Pressure Transducer ,PT_11,PR300-3403-10-S-71.33A,7587,200 bar,4,1,1.0,2024-04-11 00:00:00.000000000,2026-04-11,0.743371212121212,Lab,ML-24-1138,JS,False,785,785,0.2642924086223055,0.7433712121212122,False,False,False,False,False,False,False,False,False,False,False,False,True,False,False,False,False,False,False,False,False,False,False,False,False,False,False,False,False,False,False,False,False,False,True,False,0.0,18.27055998125586
HY,(HT Package #3) Temperature Probe ,RR_08,PT100,16763,minus 50 to 200°C,4,1,1.0,2024-04-11 00:00:00.000000000,2026-04-11,0.743371212121212,Lab,TL-24-1036,JS,False,785,785,0.2642924086223055,0.7433712121212122,False,False,False,False,False,False,False,False,False,False,False,False,True,False,False,False,False,False,False,False,False,False,False,False,False,False,False,False,False,False,False,False,False,False,True,False,0.0,18.27055998125586
HY,(Spare ) Data Logger,MS_01,MS5060 3160-A2-70.00,1607,Unknown,4,1,1.0,2023-05-08 00:00:00.000000000,2025-05-08,0.4232954545454545,Lab,EL-23-1065,JS,False,446,447,0.5820056232427366,0.4232954545454546,False,False,False,False,False,False,False,False,False,False,False,False,True,False,False,False,False,False,False,False,False,False,False,False,False,False,False,False,False,False,False,False,False,False,True,False,0.0,40.58136129334583
HY,(Spare ) Data Logger,MS_01,MS5060 3160-A2-70.00,1624,Unknown,4,1,1.0,2023-04-20 00:00:00.000000000,2025-04-19,0.4053030303030303,Lab,50091,JS,False,428,428,0.598875351452671,0.4053030303030303,False,False,False,False,False,False,False,False,False,False,False,False,True,False,False,False,False,False,False,False,False,False,False,False,False,False,False,False,False,False,False,True,False,False,False,False,0.0,41.795923149015934
HY,Temperature Sensor,,TE100-3973-04-S-01.00S,18186,-50-200 C,4,1,1.0,2024-12-05 00:00:00.000000000,2026-12-05,0.96875,Lab,KS-T1853,JS,False,1023,1023,0.0412371134020618,0.96875,False,False,False,False,False,False,False,False,False,False,False,False,True,False,False,False,False,False,False,False,False,False,False,False,False,False,False,False,False,False,False,False,True,False,False,False,0.0,2.586984536082472
HY,Digital caliper,VC _02,"CD-12"" CP",1065296,0-300 mm,6,1,1.0,2024-11-21 00:00:00.000000000,2026-11-21,0.955492424242424,Lab,CTD-2860M-24,JS,False,1009,1009,0.0543580131208997,0.9554924242424244,False,False,False,False,False,False,False,False,False,False,False,False,False,False,False,False,False,False,False,True,False,False,False,False,False,False,False,False,False,False,False,False,True,False,False,False,0.0,3.5095477975632687
HY,Digital caliper,VC _03,"CD-6""CSX",12046073,0-150 mm,6,1,1.0,2024-10-12 00:00:00.000000000,2026-10-12,0.9176136363636362,Lab,DL-24-1199,JS,False,969,969,0.091846298031865,0.9176136363636364,False,False,False,False,False,False,False,False,False,False,False,False,False,False,False,False,False,False,False,True,False,False,False,False,False,False,False,False,False,False,False,False,False,False,True,False,0.0,6.145442830365513
HY,Gear Flow Meter,,3076-07-S-9A.030,27843,0-120 L/min,4,1,1.0,2024-05-28 00:00:00.000000000,2026-05-28,0.7878787878787878,Lab,OR-24-1522,JS,False,832,832,0.2202436738519212,0.7878787878787878,False,False,False,False,False,False,False,False,False,False,False,False,False,False,True,False,False,False,False,False,False,False,False,False,False,False,False,False,False,False,False,False,False,False,True,False,0.0,15.173383317713213
HY,Gear Flow Meter,,3076-05-9B.030,30505,0-40 L/min,4,1,1.0,2024-05-28 00:00:00.000000000,2026-05-28,0.7878787878787878,Lab,OR-24-1521,JS,False,832,832,0.2202436738519212,0.7878787878787878,False,False,False,False,False,False,False,False,False,False,False,False,False,False,True,False,False,False,False,False,False,False,False,False,False,False,False,False,False,False,False,False,False,False,True,False,0.0,15.173383317713213
HY,Multimeter,BR_08,Fluke 115,28290097WS,600V,4,1,1.0,2024-10-12 00:00:00.000000000,2026-10-12,0.9176136363636362,Lab,EL-24-1274,JS,False,969,969,0.091846298031865,0.9176136363636364,False,False,False,False,False,False,False,False,False,True,False,False,False,False,False,False,False,False,False,False,False,False,False,False,False,False,False,False,False,False,False,False,False,False,True,False,0.0,6.145442830365513
HY,Multimeter,BR_09,Fluke 115,28290175WS,600V,4,1,1.0,2024-11-28 00:00:00.000000000,2026-11-28,0.962121212121212,Lab,KS-E1349,JS,False,1016,1016,0.0477975632614807,0.9621212121212122,False,False,False,False,False,False,False,False,False,True,False,False,False,False,False,False,False,False,False,False,False,False,False,False,False,False,False,False,False,False,False,False,True,False,False,False,0.0,3.048266166822867
HY,Particles Counter,BR_10,TKZ 3160-A0-76.00, 300-1100H-000861,0-400BAR,4,1,1.0,2023-11-22 00:00:00.000000000,2025-11-22,0.6107954545454546,Lab,TKZ 3160-A0-76.00,JS,False,644,645,0.3964386129334583,0.6107954545454546,False,False,False,False,False,False,False,False,False,False,False,False,True,False,False,False,False,False,False,False,False,False,False,False,False,False,False,False,False,False,False,True,False,False,False,False,0.0,27.533680880974693
HY,Pressure Sensor,HS_01,HySense PR100/3050  (PR100-3403-32-S-E5-33),2931213001,HT-PD  -1…..6bar,4,1,1.0,2024-04-12 00:00:00.000000000,2026-04-12,0.7443181818181818,Lab,KS-P1839,JS,False,786,786,0.2633552014995314,0.7443181818181819,False,False,False,False,False,False,False,False,False,False,False,False,True,False,False,False,False,False,False,False,False,False,False,False,False,False,False,False,False,False,False,False,True,False,False,False,0.0,18.204662605435804
HY,Pressure Sensor,HS_02,HySense PR100/3050  (PR100-3403-32-S-E5-33),2931213002,HT-PD  -1…..6bar,4,1,1.0,2024-04-12 00:00:00.000000000,2026-04-12,0.7443181818181818,Lab,KS-P1840,JS,False,786,786,0.2633552014995314,0.7443181818181819,False,False,False,False,False,False,False,False,False,False,False,False,True,False,False,False,False,False,False,False,False,False,False,False,False,False,False,False,False,False,False,False,True,False,False,False,0.0,18.204662605435804
HY,Pressure Sensor,HS_03,HySense PR100/3050  (PR100-3403-32-S-E5-33),2931213015,HT-PD  -1…..6bar,4,1,1.0,2024-04-12 00:00:00.000000000,2026-04-12,0.7443181818181818,Lab,KS-P1842,JS,False,786,786,0.2633552014995314,0.7443181818181819,False,False,False,False,False,False,False,False,False,False,False,False,True,False,False,False,False,False,False,False,False,False,False,False,False,False,False,False,False,False,False,False,True,False,False,False,0.0,18.204662605435804
HY,Pressure Sensor,HS-08,PR100-3403-15-S-E5.33 ,Z150089917,0-400Bar,4,1,1.0,2024-04-12 00:00:00.000000000,2026-04-12,0.7443181818181818,Lab,KS-P1847,JS,False,786,786,0.2633552014995314,0.7443181818181819,False,False,False,False,False,False,False,False,False,False,False,False,True,False,False,False,False,False,False,False,False,False,False,False,False,False,False,False,False,False,False,False,True,False,False,False,0.0,18.204662605435804
HY,Pressure Sensor,HS-06,PR100-3403-10-S-E5.33 ,Z150129899,Unknown,4,1,1.0,2024-04-12 00:00:00.000000000,2026-04-12,0.7443181818181818,Lab,KS-P1845,JS,False,786,786,0.2633552014995314,0.7443181818181819,False,False,False,False,False,False,False,False,False,False,False,False,True,False,False,False,False,False,False,False,False,False,False,False,False,False,False,False,False,False,False,False,True,False,False,False,0.0,18.204662605435804
HY,Pressure Sensor,HS-07,PR100-3403-10-S-E5.33 ,Z150129900,Unknown,4,1,1.0,2024-04-12 00:00:00.000000000,2026-04-12,0.7443181818181818,Lab,KS-P1844,JS,False,786,786,0.2633552014995314,0.7443181818181819,False,False,False,False,False,False,False,False,False,False,False,False,True,False,False,False,False,False,False,False,False,False,False,False,False,False,False,False,False,False,False,False,True,False,False,False,0.0,18.204662605435804
HY,Pressure Sensor,HS-04,PR100-3403-32-S-E5.33 ,Z160005742,Unknown,4,1,1.0,2024-04-12 00:00:00.000000000,2026-04-12,0.7443181818181818,Lab,KS-P1841,JS,False,786,786,0.2633552014995314,0.7443181818181819,False,False,False,False,False,False,False,False,False,False,False,False,True,False,False,False,False,False,False,False,False,False,False,False,False,False,False,False,False,False,False,False,True,False,False,False,0.0,18.204662605435804
HY,Pressure Sensor,HS-05,PR100-3403-32-S-E5.33 ,Z160005753,Unknown,4,1,1.0,2024-04-12 00:00:00.000000000,2026-04-12,0.7443181818181818,Lab,KS-P1843,JS,False,786,786,0.2633552014995314,0.7443181818181819,False,False,False,False,False,False,False,False,False,False,False,False,True,False,False,False,False,False,False,False,False,False,False,False,False,False,False,False,False,False,False,False,True,False,False,False,0.0,18.204662605435804
HY,Pressure Sensor,HS-11,PR100-3403-18-S-E5.33 ,Z160016174,0-600bar,4,1,1.0,2024-04-12 00:00:00.000000000,2026-04-12,0.7443181818181818,Lab,KS-P1846,JS,False,786,786,0.2633552014995314,0.7443181818181819,False,False,False,False,False,False,False,False,False,False,False,False,True,False,False,False,False,False,False,False,False,False,False,False,False,False,False,False,False,False,False,False,True,False,False,False,0.0,18.204662605435804
HY,Pressure Transducer,,PR300-3403-18-S-E6.33,2530509265,600 bar,4,1,1.0,2024-11-25 00:00:00.000000000,2026-11-25,0.959280303030303,Lab,KS-P2028,JS,False,1013,1013,0.0506091846298031,0.9592803030303032,False,False,False,False,False,False,False,False,False,False,False,False,True,False,False,False,False,False,False,False,False,False,False,False,False,False,False,False,False,False,False,False,True,False,False,False,0.0,3.2459582942830347
HY,Pressure Transducer,,PR300-3403-10-S-E6.33,3260610066,200 bar,4,1,1.0,2024-11-25 00:00:00.000000000,2026-11-25,0.959280303030303,Lab,KS-P2029,JS,False,1013,1013,0.0506091846298031,0.9592803030303032,False,False,False,False,False,False,False,False,False,False,False,False,True,False,False,False,False,False,False,False,False,False,False,False,False,False,False,False,False,False,False,False,True,False,False,False,0.0,3.2459582942830347
HY,Pressure Transducer,PR100,3403-18-S-E5.37,Z220004134,0-600 bar,4,1,1.0,2024-08-26 00:00:00.000000000,2026-08-26,0.8731060606060606,Lab,ML-24-1317,JS,False,922,922,0.1358950328022493,0.8731060606060607,False,False,False,False,False,False,False,False,False,False,False,False,False,False,True,False,False,False,False,False,False,False,False,False,False,False,False,False,False,False,False,False,False,False,True,False,0.0,9.242619493908155
HY,Pressure Transducer,PR100,3403-18-S-E5.37,Z220004136,0-600 bar,4,1,1.0,2024-08-26 00:00:00.000000000,2026-08-26,0.8731060606060606,Lab,ML-24-1316,JS,False,922,922,0.1358950328022493,0.8731060606060607,False,False,False,False,False,False,False,False,False,False,False,False,False,False,True,False,False,False,False,False,False,False,False,False,False,False,False,False,False,False,False,False,False,False,True,False,0.0,9.242619493908155
HY,Flow meter,,HYSense QT 100 31V7-71-S-35.030L,21102,9~300 L/min,4,1,1.0,2024-02-08 00:00:00.000000000,2026-02-07,0.6837121212121211,Lab,53754,JS,False,722,722,0.3233364573570759,0.6837121212121212,False,False,False,False,False,False,False,False,False,False,False,False,True,False,False,False,False,False,False,False,False,False,False,False,False,False,False,False,False,False,False,True,False,False,False,False,0.0,22.422094657919406
HY,Sound Meter,BR_02,AI320,121104822,30~ 130 dB,4,1,1.0,2024-10-12 00:00:00.000000000,2026-10-12,0.9176136363636362,Lab,OR-24-2065,JS,False,969,969,0.091846298031865,0.9176136363636364,True,False,False,False,False,False,False,False,False,False,False,False,False,False,False,False,False,False,False,False,False,False,False,False,False,False,False,False,False,False,False,False,False,False,True,False,0.0,6.145442830365513
HY,IR thermometer,BR_07,Fluke 62 mini,15620875,minus 30 to 500°C,4,1,1.0,2023-05-08 00:00:00.000000000,2025-05-08,0.4232954545454545,Lab,TL-23-1049,JS,False,446,447,0.5820056232427366,0.4232954545454546,False,False,False,False,False,False,False,False,False,True,False,False,False,False,False,False,False,False,False,False,False,False,False,False,False,False,False,False,False,False,False,False,False,False,True,False,0.0,40.58136129334583
HY,Tachometer (non-contact),BR_05,PH-200L,B1274511P,6~99999 rpm,4,1,0.0,2024-04-12 00:00:00.000000000,2026-04-12,0.7443181818181818,Lab,KS-M1198,JS,False,786,786,0.2633552014995314,0.7443181818181819,False,False,False,False,False,False,False,False,False,False,False,False,False,False,False,False,False,False,False,False,False,False,False,False,True,False,False,False,False,False,False,False,True,False,False,False,1.0,48.2046626054358
HY,Tachometer (non-contact),BR_04,PH-200L,BB4B4502,6~99999 rpm,4,1,1.0,2023-03-13 00:00:00.000000000,2025-03-13,0.3702651515151515,Lab,OR-23-1217,JS,False,390,391,0.6344892221180881,0.3702651515151515,False,False,False,False,False,False,False,False,False,False,False,False,False,False,False,False,False,False,False,False,False,False,False,False,True,False,False,False,False,False,False,False,False,False,True,False,1.0,74.271614339269
HY,Torque Wrench,TW_05,2035-200,2009/211870,40-200 Nm,0,1,1.0,2024-01-15 00:00:00.000000000,2026-01-15,0.6619318181818181,Lab,MPM 1035M-24,JS,False,698,699,0.3458294283036551,0.6619318181818181,False,False,False,False,False,False,False,False,True,False,False,False,False,False,False,False,False,False,False,False,False,False,False,False,False,False,False,False,False,False,False,False,True,False,False,False,0.0,23.97522258669166
HY,Torque Wrench,,6476850,369042,65-450 Nm (850mmL),0,1,1.0,2023-05-09 00:00:00.000000000,2025-05-09,0.4242424242424242,Lab,OR-23-1383,JS,False,447,448,0.5810684161199625,0.4242424242424242,False,False,False,False,False,False,False,False,False,False,True,False,False,False,False,False,False,False,False,False,False,False,False,False,False,False,False,False,False,False,False,False,False,False,True,False,0.0,40.51546391752577
HY,Torque Wrench,TW_04,MANOSKOP 730,100354017,80-400 Nm,0,1,1.0,2024-01-22 00:00:00.000000000,2026-01-21,0.6676136363636364,Lab,MPM 1071M-24,JS,False,705,705,0.3392689784442362,0.6676136363636365,False,False,False,False,False,False,False,False,False,False,False,False,False,False,False,False,False,False,False,False,False,False,False,False,False,True,False,False,False,False,False,False,True,False,False,False,0.0,23.542350046860356
HY,     (A.1)   Pressure Sensor w/ Digital Indicator,pBoost 1,HM20-21,pBoost 1,"0 to 50 bar, 4-20mA",4,1,1.0,2024-11-21 00:00:00.000000000,2026-11-21,0.955492424242424,In-House,KSO-P1356,JS,False,1009,1009,0.0543580131208997,0.9554924242424244,False,False,False,False,False,False,False,False,False,False,False,False,False,False,False,False,False,False,False,False,False,False,False,True,False,False,False,False,False,False,False,False,True,False,False,False,0.0,3.5095477975632687
HY,     (A.2)   Pressure Sensor w/ Digital Indicator,pL_1,HM20-21,pL_1,"0 to 10 bar, 4-20mA",4,1,1.0,2024-11-29 00:00:00.000000000,2026-11-29,0.963068181818182,In-House,KSO-P1357,JS,False,1017,1017,0.0468603561387066,0.963068181818182,False,False,False,False,False,False,False,False,False,False,False,False,False,False,False,False,False,False,False,False,False,False,False,True,False,False,False,False,False,False,False,False,True,False,False,False,0.0,2.982368791002804
HY,     (A.3)   Pressure Sensor w/ Digital Indicator,PB_1,HM20-21,P-B1,"0 to 630 bar, 4-20mA",4,1,1.0,2024-11-29 00:00:00.000000000,2026-11-29,0.963068181818182,In-House,KSO-P1354,JS,False,1017,1017,0.0468603561387066,0.963068181818182,False,False,False,False,False,False,False,False,False,False,False,False,False,False,False,False,False,False,False,False,False,False,False,True,False,False,False,False,False,False,False,False,True,False,False,False,0.0,2.982368791002804
HY,     (A.4)   Pressure Sensor w/ Digital Indicator,pY_3,HM20-21,PY-3,"0 to 50 bar, 4-20mA",4,1,1.0,2024-11-29 00:00:00.000000000,2026-11-29,0.963068181818182,In-House,KSO-P1344,JS,False,1017,1017,0.0468603561387066,0.963068181818182,False,False,False,False,False,False,False,False,False,False,False,False,False,False,False,False,False,False,False,False,False,False,False,True,False,False,False,False,False,False,False,False,True,False,False,False,0.0,2.982368791002804
HY,     (A.5)   Pressure Sensor w/ Digital Indicator,pY_1,HM20-21,PY-1,"0 to 50 bar, 4-20mA",4,1,1.0,2024-11-29 00:00:00.000000000,2026-11-29,0.963068181818182,In-House,KSO-P1345,JS,False,1017,1017,0.0468603561387066,0.963068181818182,False,False,False,False,False,False,False,False,False,False,False,False,False,False,False,False,False,False,False,False,False,False,False,True,False,False,False,False,False,False,False,False,True,False,False,False,0.0,2.982368791002804
HY,     (A.6)   Pressure Sensor w/ Digital Indicator,pHD_3,HM20-21,pHD_3,"0 to 630 bar, 4-20mA",4,1,1.0,2024-11-29 00:00:00.000000000,2026-11-29,0.963068181818182,In-House,KSO-P1355,JS,False,1017,1017,0.0468603561387066,0.963068181818182,False,False,False,False,False,False,False,False,False,False,False,False,False,False,False,False,False,False,False,False,False,False,False,True,False,False,False,False,False,False,False,False,True,False,False,False,0.0,2.982368791002804
HY,     (A.7)   Pressure Sensor w/ Digital Indicator,pA_1,HM20-21,pA_1,"0 to 630 bar, 4-20mA",4,1,1.0,2024-11-29 00:00:00.000000000,2026-11-29,0.963068181818182,In-House,KSO-P1375,JS,False,1017,1017,0.0468603561387066,0.963068181818182,False,False,False,False,False,False,False,False,False,False,False,False,False,False,False,False,False,False,False,False,False,False,False,True,False,False,False,False,False,False,False,False,True,False,False,False,0.0,2.982368791002804
HY,     (A.8)   Pressure Sensor w/ Digital Indicator,pG_1,HM20-21,pG_1,"0 to 50 bar, 4-20mA",4,1,1.0,2024-11-29 00:00:00.000000000,2026-11-29,0.963068181818182,In-House,KSO-P1362,JS,False,1017,1017,0.0468603561387066,0.963068181818182,False,False,False,False,False,False,False,False,False,False,False,False,False,False,False,False,False,False,False,False,False,False,False,True,False,False,False,False,False,False,False,False,True,False,False,False,0.0,2.982368791002804
HY,     (A.9)   Pressure Sensor w/ Digital Indicator,pHF_1,HM20-21,pHF_1,"0 to 630 bar, 4-20mA",4,1,1.0,2024-11-29 00:00:00.000000000,2026-11-29,0.963068181818182,In-House,KSO-P1363,JS,False,1017,1017,0.0468603561387066,0.963068181818182,False,False,False,False,False,False,False,False,False,False,False,False,False,False,False,False,False,False,False,False,False,False,False,True,False,False,False,False,False,False,False,False,True,False,False,False,0.0,2.982368791002804
HY,     (A.10)   Pressure Sensor w/ Digital Indicator,pX2_1,HM20-21,pX2_1,"0 to 50 bar, 4-20mA",4,1,1.0,2024-11-29 00:00:00.000000000,2026-11-29,0.963068181818182,In-House, KSO-P1360,JS,False,1017,1017,0.0468603561387066,0.963068181818182,False,False,False,False,False,False,False,False,False,False,False,False,False,False,False,False,False,False,False,False,False,False,False,True,False,False,False,False,False,False,False,False,True,False,False,False,0.0,2.982368791002804
HY,     (A.11)   Pressure Sensor w/ Digital Indicator,pX1_1,HM20-21,pX1_1,"0 to 50 bar, 4-20mA",4,1,1.0,2024-11-29 00:00:00.000000000,2026-11-29,0.963068181818182,In-House, KSO-P1358,JS,False,1017,1017,0.0468603561387066,0.963068181818182,False,False,False,False,False,False,False,False,False,False,False,False,False,False,False,False,False,False,False,False,False,False,False,True,False,False,False,False,False,False,False,False,True,False,False,False,0.0,2.982368791002804
HY,     (B.1)   Pressure Gauge,PBoost1,,5401CV5W,0 to 60 bar,4,1,1.0,2024-11-29 00:00:00.000000000,2026-11-29,0.963068181818182,In-House,KSO-P1367,JS,False,1017,1017,0.0468603561387066,0.963068181818182,False,False,False,False,False,False,False,False,False,False,False,False,False,False,False,False,False,False,False,False,False,False,False,False,False,False,False,False,False,True,False,False,True,False,False,False,0.0,2.982368791002804
HY,     (B.2)   Pressure Gauge,pHD_3,,5401CV64,0 to 600 bar,4,1,1.0,2024-11-29 00:00:00.000000000,2026-11-29,0.963068181818182,In-House,KSO-P1373,JS,False,1017,1017,0.0468603561387066,0.963068181818182,False,False,False,False,False,False,False,False,False,False,False,False,False,False,False,False,False,False,False,False,False,False,False,False,False,False,False,False,False,True,False,False,True,False,False,False,0.0,2.982368791002804
HY,     (B.3)   Pressure Gauge,pB_1HP,,5401CV62,0 to 600 bar,4,1,1.0,2024-11-29 00:00:00.000000000,2026-11-29,0.963068181818182,In-House,KSO-P1365,JS,False,1017,1017,0.0468603561387066,0.963068181818182,False,False,False,False,False,False,False,False,False,False,False,False,False,False,False,False,False,False,False,False,False,False,False,False,False,False,False,False,False,True,False,False,True,False,False,False,0.0,2.982368791002804
HY,     (B.4)   Pressure Gauge,pA_1LP,,5401CV5T,0 to 60 bar,4,1,1.0,2024-11-29 00:00:00.000000000,2026-11-29,0.963068181818182,In-House,KSO-P1366,JS,False,1017,1017,0.0468603561387066,0.963068181818182,False,False,False,False,False,False,False,False,False,False,False,False,False,False,False,False,False,False,False,False,False,False,False,False,False,False,False,False,False,True,False,False,True,False,False,False,0.0,2.982368791002804
HY,     (B.5)   Pressure Gauge,pA_1HP,,5401CV65,0 to 600 bar,4,1,1.0,2024-11-29 00:00:00.000000000,2026-11-29,0.963068181818182,In-House,KSO-P1364,JS,False,1017,1017,0.0468603561387066,0.963068181818182,False,False,False,False,False,False,False,False,False,False,False,False,False,False,False,False,False,False,False,False,False,False,False,False,False,False,False,False,False,True,False,False,True,False,False,False,0.0,2.982368791002804
HY,     (B.6)   Pressure Gauge,pHPAUX,,5401CV63,0 to 600 bar,4,1,1.0,2024-11-29 00:00:00.000000000,2026-11-29,0.963068181818182,In-House,KSO-P1368,JS,False,1017,1017,0.0468603561387066,0.963068181818182,False,False,False,False,False,False,False,False,False,False,False,False,False,False,False,False,False,False,False,False,False,False,False,False,False,False,False,False,False,True,False,False,True,False,False,False,0.0,2.982368791002804
HY,     (B.7)   Pressure Gauge,pLPAUX,,5401CV5S,0 to 60 bar,4,1,1.0,2024-11-29 00:00:00.000000000,2026-11-29,0.963068181818182,In-House,KSO-P1369,JS,False,1017,1017,0.0468603561387066,0.963068181818182,False,False,False,False,False,False,False,False,False,False,False,False,False,False,False,False,False,False,False,False,False,False,False,False,False,False,False,False,False,True,False,False,True,False,False,False,0.0,2.982368791002804
HY,     (B.8)   Pressure Gauge,pTANK,,5401CV61,0 to 10 bar,4,1,1.0,2024-11-29 00:00:00.000000000,2026-11-29,0.963068181818182,In-House,KSO-P1374,JS,False,1017,1017,0.0468603561387066,0.963068181818182,False,False,False,False,False,False,False,False,False,False,False,False,False,False,False,False,False,False,False,False,False,False,False,False,False,False,False,False,False,True,False,False,True,False,False,False,0.0,2.982368791002804
HY,     (B.9)   Pressure Gauge,pY_3,,5401CV5Z,0 to 60 bar,4,1,1.0,2024-11-29 00:00:00.000000000,2026-11-29,0.963068181818182,In-House,KSO-P1370,JS,False,1017,1017,0.0468603561387066,0.963068181818182,False,False,False,False,False,False,False,False,False,False,False,False,False,False,False,False,False,False,False,False,False,False,False,False,False,False,False,False,False,True,False,False,True,False,False,False,0.0,2.982368791002804
HY,     (B.10)   Pressure Gauge,pY_1A,,5401CV60,0 to 60 bar,4,1,1.0,2024-11-29 00:00:00.000000000,2026-11-29,0.963068181818182,In-House,KSO-P1371,JS,False,1017,1017,0.0468603561387066,0.963068181818182,False,False,False,False,False,False,False,False,False,False,False,False,False,False,False,False,False,False,False,False,False,False,False,False,False,False,False,False,False,True,False,False,True,False,False,False,0.0,2.982368791002804
HY,     (B.11)   Pressure Gauge,pY_1B,,8803OCZF,0 to 60 bar,4,1,1.0,2024-11-29 00:00:00.000000000,2026-11-29,0.963068181818182,In-House,KSO-P1372,JS,False,1017,1017,0.0468603561387066,0.963068181818182,False,False,False,False,False,False,False,False,False,False,False,False,False,False,False,False,False,False,False,False,False,False,False,False,False,False,False,False,False,True,False,False,True,False,False,False,0.0,2.982368791002804
HY,     (B.12)   Pressure Gauge,pX1_1,,8803OCZI,0 to 60 bar,4,1,1.0,2024-11-29 00:00:00.000000000,2026-11-29,0.963068181818182,In-House,KSO-P1359,JS,False,1017,1017,0.0468603561387066,0.963068181818182,False,False,False,False,False,False,False,False,False,False,False,False,False,False,False,False,False,False,False,False,False,False,False,False,False,False,False,False,False,True,False,False,True,False,False,False,0.0,2.982368791002804
HY,     (B.13)   Pressure Gauge,pX2_1,,5401CV5V,0 to 60 bar,4,1,1.0,2024-11-29 00:00:00.000000000,2026-11-29,0.963068181818182,In-House,KSO-P1361,JS,False,1017,1017,0.0468603561387066,0.963068181818182,False,False,False,False,False,False,False,False,False,False,False,False,False,False,False,False,False,False,False,False,False,False,False,False,False,False,False,False,False,True,False,False,True,False,False,False,0.0,2.982368791002804
HY,     (C.1)   Flow Indicator/Digital Indicator,,,497963,0.1-15 l/min,4,1,1.0,2024-10-23 00:00:00.000000000,2026-10-23,0.928030303030303,In-House,24-1228,JS,False,980,980,0.0815370196813495,0.9280303030303032,False,False,False,False,False,False,False,False,False,False,False,False,False,False,False,False,False,True,False,False,False,False,False,False,False,False,False,False,False,False,False,False,False,False,True,False,0.0,5.420571696344891
HY,     (C.2)   Flow Indicator/Digital Indicator,,,497964,0.3-45 l/min,4,1,1.0,2024-10-23 00:00:00.000000000,2026-10-23,0.928030303030303,In-House,24-1227,JS,False,980,980,0.0815370196813495,0.9280303030303032,False,False,False,False,False,False,False,False,False,False,False,False,False,False,False,False,False,True,False,False,False,False,False,False,False,False,False,False,False,False,False,False,False,False,True,False,0.0,5.420571696344891
HY,     (C.3)   Flow Indicator/Digital Indicator,,,497962,3.5-525 l/min,4,1,1.0,2024-10-23 00:00:00.000000000,2026-10-23,0.928030303030303,In-House,24-1226,JS,False,980,980,0.0815370196813495,0.9280303030303032,False,False,False,False,False,False,False,False,False,False,False,False,False,False,False,False,False,True,False,False,False,False,False,False,False,False,False,False,False,False,False,False,False,False,True,False,0.0,5.420571696344891
HY,     (C.4)   Flow Indicator/Digital Indicator,,,497965,0.3-45 l/min,4,1,1.0,2024-10-23 00:00:00.000000000,2026-10-23,0.928030303030303,In-House,24-1225,JS,False,980,980,0.0815370196813495,0.9280303030303032,False,False,False,False,False,False,False,False,False,False,False,False,False,False,False,False,False,True,False,False,False,False,False,False,False,False,False,False,False,False,False,False,False,False,True,False,0.0,5.420571696344891
HY,(A.1)   LHD Test Rig: Pressure Gauge,Charge Pressure CP,R900072011,"11052737756 ""CHARGE PRESSURE"" CP",0~60 BAR,4,1,1.0,2023-03-16 00:00:00.000000000,2025-03-16,0.3731060606060605,In-House,AON-23-1027 ,JS,False,393,394,0.6316776007497658,0.3731060606060606,False,False,False,False,False,False,False,False,False,False,False,False,False,False,False,False,False,False,False,False,False,False,False,True,False,False,False,False,False,False,False,False,False,False,True,False,0.0,44.073922211808814
HY,(A.2)   LHD Test Rig: Pressure Gauge,Test Gauge A,R900066323,"""TEST GAUGE"" A",0~400 BAR,4,1,1.0,2023-03-16 00:00:00.000000000,2025-03-16,0.3731060606060605,In-House,AON-23-1028,Tay,False,393,394,0.6316776007497658,0.3731060606060606,False,False,False,False,False,False,False,False,False,False,False,False,False,False,False,False,False,False,False,False,False,False,False,True,False,False,False,False,False,False,False,False,False,False,True,False,0.0,44.073922211808814
HY,(A.3)   LHD Test Rig: Pressure Gauge,Test Gauge B,R900066323,8973SRAA,0~400 BAR,4,1,1.0,2024-08-26 00:00:00.000000000,2025-08-26,0.5274621212121212,In-House,ML-24-1320,JS,False,922,557,0.1358950328022493,0.5274621212121212,False,False,False,False,False,False,False,False,False,False,False,False,False,False,False,False,False,False,False,False,False,False,False,True,False,False,False,False,False,False,False,False,False,False,True,False,0.0,19.611937675726335
HY,(A.4)   LHD Test Rig: Pressure Gauge,Pressure B1,R900066323,"""PRESSURE"" B1",0~400 BAR,4,1,1.0,2023-03-16 00:00:00.000000000,2025-03-16,0.3731060606060605,In-House,AON-23-1030,Tay,False,393,394,0.6316776007497658,0.3731060606060606,False,False,False,False,False,False,False,False,False,False,False,False,False,False,False,False,False,False,False,False,False,False,False,True,False,False,False,False,False,False,False,False,False,False,True,False,0.0,44.073922211808814
HY,(A.5)   LHD Test Rig: Pressure Gauge,Pressure A1,R900066323,"1105475215 ""PRESSURE"" A1",0~400 BAR,4,1,1.0,2023-03-16 00:00:00.000000000,2025-03-16,0.3731060606060605,In-House,AON-23-1031,Tay,False,393,394,0.6316776007497658,0.3731060606060606,False,False,False,False,False,False,False,False,False,False,False,False,False,False,False,False,False,False,False,False,False,False,False,True,False,False,False,False,False,False,False,False,False,False,True,False,0.0,44.073922211808814
HY,(A.6)   LHD Test Rig: Pressure Gauge,Pressure A,R900066323,"""PRESSURE"" A",0~400 BAR,4,1,1.0,2023-03-16 00:00:00.000000000,2025-03-16,0.3731060606060605,In-House,AON-23-1032,Tay,False,393,394,0.6316776007497658,0.3731060606060606,False,False,False,False,False,False,False,False,False,False,False,False,False,False,False,False,False,False,False,False,False,False,False,True,False,False,False,False,False,False,False,False,False,False,True,False,0.0,44.073922211808814
HY,(A.7)   LHD Test Rig: Pressure Gauge,Pressure C,R900066323,"1105475215 ""PRESSURE"" C",0~400 BAR,4,1,1.0,2023-03-16 00:00:00.000000000,2025-03-16,0.3731060606060605,In-House,AON-23-1033,Tay,False,393,394,0.6316776007497658,0.3731060606060606,False,False,False,False,False,False,False,False,False,False,False,False,False,False,False,False,False,False,False,False,False,False,False,True,False,False,False,False,False,False,False,False,False,False,True,False,0.0,44.073922211808814
HY,(A.8)   LHD Test Rig: Pressure Gauge,Case Pressure D1,,"""CASE PRESSURE"" D1",0~20 BAR,4,1,1.0,2023-03-16 00:00:00.000000000,2025-03-16,0.3731060606060605,In-House,AON-23-1034,Tay,False,393,394,0.6316776007497658,0.3731060606060606,False,False,False,False,True,False,False,False,False,False,False,False,False,False,False,False,False,False,False,False,False,False,False,False,False,False,False,False,False,False,False,False,False,False,True,False,0.0,44.073922211808814
HY,(A.9)   LHD Test Rig: Pressure Gauge,Brake Pressure,R900066324,"014642190 ""BRAKE PRESSURE""",0~250 BAR,4,1,1.0,2023-03-16 00:00:00.000000000,2025-03-16,0.3731060606060605,In-House,AON-23-1035,Tay,False,393,394,0.6316776007497658,0.3731060606060606,False,False,False,False,False,False,False,False,False,False,False,False,False,False,False,False,False,False,False,False,False,False,False,True,False,False,False,False,False,False,False,False,False,False,True,False,0.0,44.073922211808814
HY,(A.10)  LHD Test Rig: Pressure Gauge,Charge,,150188001LW8 (CHARGE),0~60 BAR,4,1,1.0,2023-03-16 00:00:00.000000000,2025-03-16,0.3731060606060605,In-House,AON-23-1036,Tay,False,393,394,0.6316776007497658,0.3731060606060606,False,False,False,False,False,False,False,False,False,False,False,False,False,False,False,False,False,False,False,False,False,False,False,False,False,False,False,False,False,True,False,False,False,False,True,False,0.0,44.073922211808814
HY,(B.1)  LHD Test Rig: Flow meter,QT 100 ,31V7-72-S-35.030,21319,0~600 L/min,0,1,1.0,2022-02-16 00:00:00.000000000,2024-02-16,0.0,In-House,OR-22-1037,JS,True,0,0,1.0,0.0,False,False,False,False,False,False,False,False,False,False,False,False,True,False,False,False,False,False,False,False,False,False,False,False,False,False,False,False,False,False,False,True,False,False,False,True,0.0,70.0
HY,(B.2)  LHD Test Rig: Flow meter,QT 110 ,HYSense QT 110 31G7-71-S-35.030,24919,9~300 L/min,0,1,1.0,2024-02-08 00:00:00.000000000,2026-02-07,0.6837121212121211,In-House,53756,JS,False,722,722,0.3233364573570759,0.6837121212121212,False,False,False,False,False,False,False,False,False,False,False,False,True,False,False,False,False,False,False,False,False,False,False,False,False,False,False,False,False,False,False,True,False,False,False,False,0.0,22.422094657919406
HY,(B.3)  LHD Test Rig: Flow meter,QT 100 ,31V7-72-S-35.030,33303,0~600 L/min,0,1,1.0,2024-09-02 00:00:00.000000000,2026-09-02,0.8797348484848484,In-House,OR-24-1931,JS,False,929,929,0.1293345829428303,0.8797348484848485,False,False,False,False,False,False,False,False,False,False,False,False,True,False,False,False,False,False,False,False,False,False,False,False,False,False,False,False,False,False,False,False,False,False,True,False,0.0,8.78133786316776
HY,(B.4)  LHD Test Rig: Pressure Transducer,PR100,3403-15-S-E5.33,0051212199,0 ~ 400 BAR,9,1,1.0,2024-01-10 00:00:00.000000000,2026-01-10,0.6571969696969697,In-House,KS-P1787,JS,False,693,694,0.3505154639175258,0.6571969696969697,False,False,False,False,False,False,False,False,False,False,False,False,True,False,False,False,False,False,False,False,False,False,False,False,False,False,False,False,False,False,False,False,True,False,False,False,0.0,24.30470946579194
HY,(B.5)  LHD Test Rig: Pressure Transmitter,,34P3-18-S-01.37A2,1325,0 ~ 600 BAR,7,1,1.0,2024-08-26 00:00:00.000000000,2026-08-26,0.8731060606060606,In-House,ML-24-1318,JS,False,922,922,0.1358950328022493,0.8731060606060607,False,False,False,False,False,False,False,False,False,False,False,False,True,False,False,False,False,False,False,False,False,False,False,False,False,False,False,False,False,False,False,False,False,False,True,False,0.0,9.242619493908155
HY,(B.6)  LHD Test Rig: Pressure Transmitter,,34P3-18-S-01.37A2,1333,0 ~ 600 BAR,7,1,1.0,2024-08-26 00:00:00.000000000,2026-08-26,0.8731060606060606,In-House,ML-24-13193,JS,False,922,922,0.1358950328022493,0.8731060606060607,False,False,False,False,False,False,False,False,False,False,False,False,True,False,False,False,False,False,False,False,False,False,False,False,False,False,False,False,False,False,False,False,False,False,True,False,0.0,9.242619493908155
HY,(B.7)  LHD Test Rig: Temperature Probe with Indicator,,34P3-18-S-01.37A2,18205,(-50 ~ 200DegC),4,1,1.0,2024-08-26 00:00:00.000000000,2026-08-26,0.8731060606060606,In-House,TL-24-1124,JS,False,922,922,0.1358950328022493,0.8731060606060607,False,False,False,False,False,False,False,False,False,False,False,False,True,False,False,False,False,False,False,False,False,False,False,False,False,False,False,False,False,False,False,False,False,False,True,False,0.0,9.242619493908155
HY,(B.8)  LHD Test Rig: Flow meter,,HYSense QT 100 31V7-72-S-35.030,24393,16~600 L/min,0,1,1.0,2024-02-08 00:00:00.000000000,2026-02-07,0.6837121212121211,In-House,53755,JS,False,722,722,0.3233364573570759,0.6837121212121212,False,False,False,False,False,False,False,False,False,False,False,False,True,False,False,False,False,False,False,False,False,False,False,False,False,False,False,False,False,False,False,True,False,False,False,False,0.0,22.422094657919406
HY,(3.A.1)  Valve Test Bench: Pressure Gauge,MAIN,233.50.160,8972X5XX,0~600 BAR,4,1,0.0,2024-11-28 00:00:00.000000000,2025-11-28,0.6164772727272727,In-House,KSO-P1350,JS,False,1016,651,0.0477975632614807,0.6164772727272727,False,False,False,False,False,False,False,False,False,False,False,False,False,False,False,False,False,False,False,False,False,False,False,False,False,False,False,False,False,True,False,False,True,False,False,False,0.0,13.417584348641046
HY,(3.A.2)  Valve Test Bench: Pressure Gauge,PILOT,233.50.160,8972X5XV,0~250 BAR,4,1,0.0,2024-11-28 00:00:00.000000000,2025-11-28,0.6164772727272727,In-House,KSO-P1351,JS,False,1016,651,0.0477975632614807,0.6164772727272727,False,False,False,False,False,False,False,False,False,False,False,False,False,False,False,False,False,False,False,False,False,False,False,False,False,False,False,False,False,True,False,False,True,False,False,False,0.0,13.417584348641046
HY,(3.A.3)  Valve Test Bench: Pressure Gauge,A,233.50.160,8972X5XY,0~600 BAR,4,1,0.0,2024-11-28 00:00:00.000000000,2025-11-28,0.6164772727272727,In-House,KSO-P1347,JS,False,1016,651,0.0477975632614807,0.6164772727272727,False,False,False,False,False,False,False,False,False,False,False,False,False,False,False,False,False,False,False,False,False,False,False,False,False,False,False,False,False,True,False,False,True,False,False,False,0.0,13.417584348641046
HY,(3.A.4)  Valve Test Bench: Pressure Gauge,B,233.50.160,8972X5XW,0~600 BAR,4,1,0.0,2024-11-28 00:00:00.000000000,2025-11-28,0.6164772727272727,In-House,KSO-P1346,JS,False,1016,651,0.0477975632614807,0.6164772727272727,False,False,False,False,False,False,False,False,False,False,False,False,False,False,False,False,False,False,False,False,False,False,False,False,False,False,False,False,False,True,False,False,True,False,False,False,0.0,13.417584348641046
HY,(3.A.5)  Valve Test Bench: Pressure Gauge,C,213.53.100,880216XN,0~600 BAR,4,1,0.0,2024-11-28 00:00:00.000000000,2025-11-28,0.6164772727272727,In-House,KSO-P1348,JS,False,1016,651,0.0477975632614807,0.6164772727272727,False,False,False,False,False,False,False,False,False,False,False,False,False,False,False,False,False,False,False,False,False,False,False,False,False,False,False,False,False,True,False,False,True,False,False,False,0.0,13.417584348641046
HY,(3.A.6)  Valve Test Bench: Pressure Gauge,D,213.53.100,880216XM,0~600 BAR,4,1,0.0,2024-11-28 00:00:00.000000000,2025-11-28,0.6164772727272727,In-House,KSO-P1349,JS,False,1016,651,0.0477975632614807,0.6164772727272727,False,False,False,False,False,False,False,False,False,False,False,False,False,False,False,False,False,False,False,False,False,False,False,False,False,False,False,False,False,True,False,False,True,False,False,False,0.0,13.417584348641046
HY,(3.B.1)  Valve & HPU Test Bench: Pressure Gauge,A,R900066323,5402PDBG,0 ~ 400 BAR,4,1,0.0,2025-01-03 00:00:00.000000000,2026-01-03,0.6505681818181818,In-House,KSO-P1396,JS,False,1052,687,0.0140581068416119,0.6505681818181819,False,False,False,False,False,False,False,False,False,False,False,False,False,False,False,False,False,False,False,False,False,False,False,True,False,False,False,False,False,False,False,False,True,False,False,False,0.0,11.045278819119023
HY,(3.B.2)  Valve & HPU Test Bench: Pressure Gauge,B,R900066323,54024G38,0 ~ 400 BAR,4,1,0.0,2025-01-03 00:00:00.000000000,2026-01-03,0.6505681818181818,In-House,KSO-P1397,JS,False,1052,687,0.0140581068416119,0.6505681818181819,False,False,False,False,False,False,False,False,False,False,False,False,False,False,False,False,False,False,False,False,False,False,False,True,False,False,False,False,False,False,False,False,True,False,False,False,0.0,11.045278819119023
HY,(3.B.3)  Valve & HPU Test Bench: Pressure Gauge,C,R900066323,54024G3A,0 ~ 400 BAR,4,1,0.0,2025-01-03 00:00:00.000000000,2026-01-03,0.6505681818181818,In-House,KSO-P1398,JS,False,1052,687,0.0140581068416119,0.6505681818181819,False,False,False,False,False,False,False,False,False,False,False,False,False,False,False,False,False,False,False,False,False,False,False,True,False,False,False,False,False,False,False,False,True,False,False,False,0.0,11.045278819119023
HY,(3.B.4)  Valve & HPU Test Bench: Pressure Gauge,Pump 1,R900066323,5402PDAZ,0 ~ 400 BAR,4,1,0.0,2025-01-03 00:00:00.000000000,2026-01-03,0.6505681818181818,In-House,KSO-P399,JS,False,1052,687,0.0140581068416119,0.6505681818181819,False,False,False,False,False,False,False,False,False,False,False,False,False,False,False,False,False,False,False,False,False,False,False,True,False,False,False,False,False,False,False,False,True,False,False,False,0.0,11.045278819119023
HY,(3.B.5)  Valve & HPU Test Bench: Pressure Gauge,Pump 2,R900066323,5402PDCO,0 ~ 400 BAR,4,1,0.0,2025-01-03 00:00:00.000000000,2026-01-03,0.6505681818181818,In-House,KSO-P1400,JS,False,1052,687,0.0140581068416119,0.6505681818181819,False,False,False,False,False,False,False,False,False,False,False,False,False,False,False,False,False,False,False,False,False,False,False,True,False,False,False,False,False,False,False,False,True,False,False,False,0.0,11.045278819119023
HY,(3.C.1) Torque Wrench,,730/30 Quick,224098609,"60-300 N-m, 50-220 ft-ib",4,1,0.0,2024-03-04 00:00:00.000000000,2025-03-04,0.3617424242424242,Lab,654064,RC,False,747,382,0.2999062792877226,0.3617424242424242,False,False,False,False,False,False,False,False,False,False,False,False,False,False,False,False,False,False,False,False,False,False,False,False,False,True,False,False,False,False,False,False,False,False,True,False,1.0,61.14397844423618
HY,(3.C.2) Torque Wrench,,730/30 Quick,124101300,"60-300 N-m, 50-220 ft-ib",4,1,0.0,2024-03-05 00:00:00.000000000,2025-03-05,0.3626893939393939,Lab,654561,RC,False,748,383,0.2989690721649484,0.362689393939394,False,False,False,False,False,False,False,False,False,False,False,False,False,False,False,False,False,False,False,False,False,False,False,False,False,True,False,False,False,False,False,False,False,False,True,False,1.0,61.078081068416125
HY,(3.C.3) Torque Wrench,,Manoskop 730/5 Quick,124059250,"6-50 N-m, 5-36 ft-ib",4,1,0.0,2024-12-24 00:00:00.000000000,2025-12-24,0.6410984848484849,Lab,CTP 1911M-24,RC,False,1042,677,0.0234301780693533,0.6410984848484849,False,False,False,False,False,False,False,False,False,False,False,False,False,False,False,False,False,False,False,False,False,False,False,False,False,True,False,False,False,False,False,False,True,False,False,False,0.0,11.704252577319586
HY,(3.C.4) Torque Wrench,,Manoskop 730/5 Quick,224051383,"6-50 N-m, 5-36 ft-ib",0,1,0.0,2024-12-24 00:00:00.000000000,2025-12-24,0.6410984848484849,Lab,CTP 1912M-24,RC,False,1042,677,0.0234301780693533,0.6410984848484849,False,False,False,False,False,False,False,False,False,False,False,False,False,False,False,False,False,False,False,False,False,False,False,False,False,True,False,False,False,False,False,False,True,False,False,False,0.0,11.704252577319586
HY,(3.D.1) Flowmeter,Asset No: 100624.3,B4A-6HC-30  (¾” NPT (Female)),I91310324,15 to 120 LPM,0,0,0.0,2025-01-18 00:00:00.000000000,2026-01-18,0.6647727272727272,Lab,ASTC25/1239,JS,False,1067,702,0.0,0.6647727272727273,False,False,True,False,False,False,False,False,False,False,False,False,False,False,False,False,False,False,False,False,False,False,False,False,False,False,False,False,False,False,False,False,True,False,False,False,1.0,40.05681818181818
HY,(3.D.2) Flowmeter,Asset No: 100624,B3A-6HT-15  (½” BSP),E49640521,5 to 55 LPM,0,0,0.0,2025-01-18 00:00:00.000000000,2026-01-18,0.6647727272727272,Lab,ASTC25/1240,JS,False,1067,702,0.0,0.6647727272727273,False,False,True,False,False,False,False,False,False,False,False,False,False,False,False,False,False,False,False,False,False,False,False,False,False,False,False,False,False,False,False,False,True,False,False,False,1.0,40.05681818181818
HY,(3.D.3) Flowmeter,Asset No: 100624,B3A-6HR-02  (3/8” BSP),J52380924,240 bar,0,0,0.0,2025-01-18 00:00:00.000000000,2026-01-18,0.6647727272727272,Lab,ASWO25/1114,JS,False,1067,702,0.0,0.6647727272727273,False,False,True,False,False,False,False,False,False,False,False,False,False,False,False,False,False,False,False,False,False,False,False,False,False,False,False,False,False,False,False,False,True,False,False,False,1.0,40.05681818181818
LOG,Electronic Weighing Scale (3 Tons),-,AD-4328 Weighing Indicator,K4610230,3000KG x 1KG,4,1,0.0,2024-09-05 00:00:00.000000000,2025-09-05,0.5369318181818181,In-House,168598,M.H.,False,932,567,0.1265229615745079,0.5369318181818182,False,False,False,False,False,False,False,False,False,False,False,False,False,False,False,False,False,False,False,False,False,False,False,False,False,False,False,False,False,False,False,False,False,False,False,False,0.0,18.95296391752577
FA,"DUNKES Hydraulic Straightening Press, sensitively controlled Type","100554
(ICC BASA L2)",HR 25,H22-3756,-,4,1,1.0,2024-03-18 23:18:52.222908087,2026-04-12,0.7443181818181818,N.A.,Unknown,RK,False,761,786,0.2858481724461106,0.7443181818181819,False,False,False,False,False,False,True,False,False,False,False,False,False,False,False,False,False,False,False,False,False,False,False,False,False,False,False,False,False,False,True,False,False,False,False,False,0.0,19.104381443298973
LOG,Azano Electronic Platform Scale,-,VC-50,12E201109004,60KG X 0.01KG,4,1,0.0,2024-06-14 00:00:00.000000000,2025-06-14,0.4583333333333332,N.A.,167364,M.H.,False,849,484,0.204311152764761,0.4583333333333333,False,False,False,True,False,False,False,False,False,False,False,False,False,False,False,False,False,False,False,False,False,False,False,False,False,False,False,False,False,False,False,False,False,False,False,False,0.0,24.42244611059044
